{
  "task": "matrix",
  "size": 300,
  "seed": 42,
  "elapsed_sec": 0.0106,
  "singular_values": {
    "max": 34.59402372824684,
    "min": 0.0012438554003380122,
    "mean": 14.771425283337791,
    "std": 9.162280432804202
  },
  "effective_rank_90pct": 154,
  "effective_rank_99pct": 232,
  "condition_number": 27811.933540543432
}